{
    "avg_prec": 0.5309364828593759,
    "roc_auc": 0.9586953917343985
}